Workbook

Sheet README_填写说明
A1: 自动化测试工程-寄存器迁移模板（最小输入版）
A3: 用途
A4: 用于后续新工程项目的寄存器/字段映射迁移。SPI 通信协议保持不变时，只需按本模板补充寄存器地址表 + 字段定义，我即可据此替换当前工程中的 register_fields.json / registers.json / alias 映射。
A6: 建议填写顺序
A7: 1）先在“项目配置”页修改项目名称等信息。
A8: 2）在“可选_寄存器汇总”页至少填写 register_name 和 address_decimal，两列即可让字段页自动回填地址。
A9: 3）在“字段输入模板”页按一行一个字段填写。现在只需要尽量少的输入列：register_name、field_base_name、bit_spec、default_decimal；alias/access/description/notes 按需填写。
A10: 4）bit_spec 建议写成 7:3 或 2 这种形式；msb/lsb/bits/width/mask/max/address_hex 会自动计算。
A11: 5) 填完后把这个 Excel 发给我，我就可以按当前工程样式生成新的配置文件。
A12: 最少必填列（字段输入模板）
A13: A register_name：寄存器名，如 REG20
A14: B field_base_name：字段基础名，如 CFG_OSC2_GMP_NUM
... A35: 黄色：检查状态或注意项

Sheet 项目配置
A1: 项目配置
A3: 项目属性 | D3: 当前工程默认 SPI 参数（若协议不变一般不用改）
A4: project_name | B4: 新项目名称_请修改 | D4: device_index | E4: 0
A5: chip_name | D5: spi_index | E5: 0
A6: maintainer | D6: control_mode | E6: 0
A7: notes | D7: cpol | E7: 0
D8: cpha | E8: 0
D9: clock_hz | E9: 500000
D10: use_shadow | E10: False
D11: write_cmd | E11: 0x40
D12: read_cmd | E12: 0x80
D13: read_response_index | E13: 1

Sheet 字段输入模板
A1: 字段输入模板（请从第4行开始填写，已改为最小输入版）
A2: 说明：蓝色为尽量少的输入列；绿色为选填；灰色为自动计算。bit_spec 写成 7:3 或 2。address 从“可选_寄存器汇总”自动查找。
A3: register_name | B3: field_base_name | C3: alias | D3: bit_spec | E3: default_decimal | F3: access | G3: description | H3: notes | I3: address_decimal | J3: msb | K3: lsb | L3: bits | M3: width | N3: mask_decimal | O3: max_decimal | P3: field_full_name | Q3: address_hex | R3: check_status
A4: REG20 | B4: CFG_OSC2_IDAC_IBIAS | C4: CFG_OSC2_IDAC_IBIAS | D4: 7:3 | E4: 15 | F4: RW | G4: 示例：5bit 字段 | I4: =IF(A4="","",IFERROR(INDEX(可选_寄存器汇总!$B:$B,MATCH(A4,可选_寄存器汇总!$A:$A,0)),"")) -> 32 | J4: =IF(D4="","",IFERROR(IF(ISNUMBER(SEARCH(":",D4)),VALUE(LEFT(D4,FIND(":",D4)-1)),VALUE(D4)),"")) -> 7 | K4: =IF(D4="","",IFERROR(IF(ISNUMBER(SEARCH(":",D4)),VALUE(MID(D4,FIND(":",D4)+1,99)),VALUE(D4)),"")) -> 3 | L4: =IF(OR(J4="",K4=""),"",IF(J4=K4,"<"&J4&">","<"&J4&":"&K4&">")) -> <7:3> | M4: =IF(OR(J4="",K4=""),"",J4-K4+1) -> 5 | N4: =IF(OR(M4="",K4=""),"",((2^M4)-1)*(2^K4)) -> 248 | O4: =IF(M4="","",(2^M4)-1) -> 31 | P4: =IF(OR(B4="",L4=""),"",B4&L4) -> CFG_OSC2_IDAC_IBIAS<7:3> | Q4: =IF(I4="","","0x"&MID("0123456789ABCDEF",INT(I4/16)+1,1)&MID("0123456789ABCDEF",MOD(I4,16)+1,1)) -> 0x20 | R4: =IF(COUNTA(A4:H4)=0,"",IF(OR(A4="",B4="",D4="",E4=""),"缺必填项",IF(I4="","寄存器地址缺失",IF(OR(J4="",K4=""),"bit_spec格式错误",IF(J4<K4,"msb<lsb",IF(E4>O4,"默认值超范围","OK")))))) -> OK
A5: REG20 | B5: CFG_OSC2_GMP_NUM | C5: CFG_OSC2_GMP_NUM | D5: 2:0 | E5: 4 | F5: RW | G5: 示例：3bit 字段 | I5: =IF(A5="","",IFERROR(INDEX(可选_寄存器汇总!$B:$B,MATCH(A5,可选_寄存器汇总!$A:$A,0)),"")) -> 32 | J5: =IF(D5="","",IFERROR(IF(ISNUMBER(SEARCH(":",D5)),VALUE(LEFT(D5,FIND(":",D5)-1)),VALUE(D5)),"")) -> 2 | K5: =IF(D5="","",IFERROR(IF(ISNUMBER(SEARCH(":",D5)),VALUE(MID(D5,FIND(":",D5)+1,99)),VALUE(D5)),"")) -> 0 | L5: =IF(OR(J5="",K5=""),"",IF(J5=K5,"<"&J5&">","<"&J5&":"&K5&">")) -> <2:0> | M5: =IF(OR(J5="",K5=""),"",J5-K5+1) -> 3 | N5: =IF(OR(M5="",K5=""),"",((2^M5)-1)*(2^K5)) -> 7 | O5: =IF(M5="","",(2^M5)-1) -> 7 | P5: =IF(OR(B5="",L5=""),"",B5&L5) -> CFG_OSC2_GMP_NUM<2:0> | Q5: =IF(I5="","","0x"&MID("0123456789ABCDEF",INT(I5/16)+1,1)&MID("0123456789ABCDEF",MOD(I5,16)+1,1)) -> 0x20 | R5: =IF(COUNTA(A5:H5)=0,"",IF(OR(A5="",B5="",D5="",E5=""),"缺必填项",IF(I5="","寄存器地址缺失",IF(OR(J5="",K5=""),"bit_spec格式错误",IF(J5<K5,"msb<lsb",IF(E5>O5,"默认值超范围","OK")))))) -> OK
I6: =IF(A6="","",IFERROR(INDEX(可选_寄存器汇总!$B:$B,MATCH(A6,可选_寄存器汇总!$A:$A,0)),"")) | J6: =IF(D6="","",IFERROR(IF(ISNUMBER(SEARCH(":",D6)),VALUE(LEFT(D6,FIND(":",D6)-1)),VALUE(D6)),"")) | K6: =IF(D6="","",IFERROR(IF(ISNUMBER(SEARCH(":",D6)),VALUE(MID(D6,FIND(":",D6)+1,99)),VALUE(D6)),"")) | L6: =IF(OR(J6="",K6=""),"",IF(J6=K6,"<"&J6&">","<"&J6&":"&K6&">")) | M6: =IF(OR(J6="",K6=""),"",J6-K6+1) | N6: =IF(OR(M6="",K6=""),"",((2^M6)-1)*(2^K6)) | O6: =IF(M6="","",(2^M6)-1) | P6: =IF(OR(B6="",L6=""),"",B6&L6) | Q6: =IF(I6="","","0x"&MID("0123456789ABCDEF",INT(I6/16)+1,1)&MID("0123456789ABCDEF",MOD(I6,16)+1,1)) | R6: =IF(COUNTA(A6:H6)=0,"",IF(OR(A6="",B6="",D6="",E6=""),"缺必填项",IF(I6="","寄存器地址缺失",IF(OR(J6="",K6=""),"bit_spec格式错误",IF(J6<K6,"msb<lsb",IF(E6>O6,"默认值超范围","OK"))))))
I7: =IF(A7="","",IFERROR(INDEX(可选_寄存器汇总!$B:$B,MATCH(A7,可选_寄存器汇总!$A:$A,0)),"")) | J7: =IF(D7="","",IFERROR(IF(ISNUMBER(SEARCH(":",D7)),VALUE(LEFT(D7,FIND(":",D7)-1)),VALUE(D7)),"")) | K7: =IF(D7="","",IFERROR(IF(ISNUMBER(SEARCH(":",D7)),VALUE(MID(D7,FIND(":",D7)+1,99)),VALUE(D7)),"")) | L7: =IF(OR(J7="",K7=""),"",IF(J7=K7,"<"&J7&">","<"&J7&":"&K7&">")) | M7: =IF(OR(J7="",K7=""),"",J7-K7+1) | N7: =IF(OR(M7="",K7=""),"",((2^M7)-1)*(2^K7)) | O7: =IF(M7="","",(2^M7)-1) | P7: =IF(OR(B7="",L7=""),"",B7&L7) | Q7: =IF(I7="","","0x"&MID("0123456789ABCDEF",INT(I7/16)+1,1)&MID("0123456789ABCDEF",MOD(I7,16)+1,1)) | R7: =IF(COUNTA(A7:H7)=0,"",IF(OR(A7="",B7="",D7="",E7=""),"缺必填项",IF(I7="","寄存器地址缺失",IF(OR(J7="",K7=""),"bit_spec格式错误",IF(J7<K7,"msb<lsb",IF(E7>O7,"默认值超范围","OK"))))))
I8: =IF(A8="","",IFERROR(INDEX(可选_寄存器汇总!$B:$B,MATCH(A8,可选_寄存器汇总!$A:$A,0)),"")) | J8: =IF(D8="","",IFERROR(IF(ISNUMBER(SEARCH(":",D8)),VALUE(LEFT(D8,FIND(":",D8)-1)),VALUE(D8)),"")) | K8: =IF(D8="","",IFERROR(IF(ISNUMBER(SEARCH(":",D8)),VALUE(MID(D8,FIND(":",D8)+1,99)),VALUE(D8)),"")) | L8: =IF(OR(J8="",K8=""),"",IF(J8=K8,"<"&J8&">","<"&J8&":"&K8&">")) | M8: =IF(OR(J8="",K8=""),"",J8-K8+1) | N8: =IF(OR(M8="",K8=""),"",((2^M8)-1)*(2^K8)) | O8: =IF(M8="","",(2^M8)-1) | P8: =IF(OR(B8="",L8=""),"",B8&L8) | Q8: =IF(I8="","","0x"&MID("0123456789ABCDEF",INT(I8/16)+1,1)&MID("0123456789ABCDEF",MOD(I8,16)+1,1)) | R8: =IF(COUNTA(A8:H8)=0,"",IF(OR(A8="",B8="",D8="",E8=""),"缺必填项",IF(I8="","寄存器地址缺失",IF(OR(J8="",K8=""),"bit_spec格式错误",IF(J8<K8,"msb<lsb",IF(E8>O8,"默认值超范围","OK"))))))
I9: =IF(A9="","",IFERROR(INDEX(可选_寄存器汇总!$B:$B,MATCH(A9,可选_寄存器汇总!$A:$A,0)),"")) | J9: =IF(D9="","",IFERROR(IF(ISNUMBER(SEARCH(":",D9)),VALUE(LEFT(D9,FIND(":",D9)-1)),VALUE(D9)),"")) | K9: =IF(D9="","",IFERROR(IF(ISNUMBER(SEARCH(":",D9)),VALUE(MID(D9,FIND(":",D9)+1,99)),VALUE(D9)),"")) | L9: =IF(OR(J9="",K9=""),"",IF(J9=K9,"<"&J9&">","<"&J9&":"&K9&">")) | M9: =IF(OR(J9="",K9=""),"",J9-K9+1) | N9: =IF(OR(M9="",K9=""),"",((2^M9)-1)*(2^K9)) | O9: =IF(M9="","",(2^M9)-1) | P9: =IF(OR(B9="",L9=""),"",B9&L9) | Q9: =IF(I9="","","0x"&MID("0123456789ABCDEF",INT(I9/16)+1,1)&MID("0123456789ABCDEF",MOD(I9,16)+1,1)) | R9: =IF(COUNTA(A9:H9)=0,"",IF(OR(A9="",B9="",D9="",E9=""),"缺必填项",IF(I9="","寄存器地址缺失",IF(OR(J9="",K9=""),"bit_spec格式错误",IF(J9<K9,"msb<lsb",IF(E9>O9,"默认值超范围","OK"))))))
I10: =IF(A10="","",IFERROR(INDEX(可选_寄存器汇总!$B:$B,MATCH(A10,可选_寄存器汇总!$A:$A,0)),"")) | J10: =IF(D10="","",IFERROR(IF(ISNUMBER(SEARCH(":",D10)),VALUE(LEFT(D10,FIND(":",D10)-1)),VALUE(D10)),"")) | K10: =IF(D10="","",IFERROR(IF(ISNUMBER(SEARCH(":",D10)),VALUE(MID(D10,FIND(":",D10)+1,99)),VALUE(D10)),"")) | L10: =IF(OR(J10="",K10=""),"",IF(J10=K10,"<"&J10&">","<"&J10&":"&K10&">")) | M10: =IF(OR(J10="",K10=""),"",J10-K10+1) | N10: =IF(OR(M10="",K10=""),"",((2^M10)-1)*(2^K10)) | O10: =IF(M10="","",(2^M10)-1) | P10: =IF(OR(B10="",L10=""),"",B10&L10) | Q10: =IF(I10="","","0x"&MID("0123456789ABCDEF",INT(I10/16)+1,1)&MID("0123456789ABCDEF",MOD(I10,16)+1,1)) | R10: =IF(COUNTA(A10:H10)=0,"",IF(OR(A10="",B10="",D10="",E10=""),"缺必填项",IF(I10="","寄存器地址缺失",IF(OR(J10="",K10=""),"bit_spec格式错误",IF(J10<K10,"msb<lsb",IF(E10>O10,"默认值超范围","OK"))))))
I11: =IF(A11="","",IFERROR(INDEX(可选_寄存器汇总!$B:$B,MATCH(A11,可选_寄存器汇总!$A:$A,0)),"")) | J11: =IF(D11="","",IFERROR(IF(ISNUMBER(SEARCH(":",D11)),VALUE(LEFT(D11,FIND(":",D11)-1)),VALUE(D11)),"")) | K11: =IF(D11="","",IFERROR(IF(ISNUMBER(SEARCH(":",D11)),VALUE(MID(D11,FIND(":",D11)+1,99)),VALUE(D11)),"")) | L11: =IF(OR(J11="",K11=""),"",IF(J11=K11,"<"&J11&">","<"&J11&":"&K11&">")) | M11: =IF(OR(J11="",K11=""),"",J11-K11+1) | N11: =IF(OR(M11="",K11=""),"",((2^M11)-1)*(2^K11)) | O11: =IF(M11="","",(2^M11)-1) | P11: =IF(OR(B11="",L11=""),"",B11&L11) | Q11: =IF(I11="","","0x"&MID("0123456789ABCDEF",INT(I11/16)+1,1)&MID("0123456789ABCDEF",MOD(I11,16)+1,1)) | R11: =IF(COUNTA(A11:H11)=0,"",IF(OR(A11="",B11="",D11="",E11=""),"缺必填项",IF(I11="","寄存器地址缺失",IF(OR(J11="",K11=""),"bit_spec格式错误",IF(J11<K11,"msb<lsb",IF(E11>O11,"默认值超范围","OK"))))))
I12: =IF(A12="","",IFERROR(INDEX(可选_寄存器汇总!$B:$B,MATCH(A12,可选_寄存器汇总!$A:$A,0)),"")) | J12: =IF(D12="","",IFERROR(IF(ISNUMBER(SEARCH(":",D12)),VALUE(LEFT(D12,FIND(":",D12)-1)),VALUE(D12)),"")) | K12: =IF(D12="","",IFERROR(IF(ISNUMBER(SEARCH(":",D12)),VALUE(MID(D12,FIND(":",D12)+1,99)),VALUE(D12)),"")) | L12: =IF(OR(J12="",K12=""),"",IF(J12=K12,"<"&J12&">","<"&J12&":"&K12&">")) | M12: =IF(OR(J12="",K12=""),"",J12-K12+1) | N12: =IF(OR(M12="",K12=""),"",((2^M12)-1)*(2^K12)) | O12: =IF(M12="","",(2^M12)-1) | P12: =IF(OR(B12="",L12=""),"",B12&L12) | Q12: =IF(I12="","","0x"&MID("0123456789ABCDEF",INT(I12/16)+1,1)&MID("0123456789ABCDEF",MOD(I12,16)+1,1)) | R12: =IF(COUNTA(A12:H12)=0,"",IF(OR(A12="",B12="",D12="",E12=""),"缺必填项",IF(I12="","寄存器地址缺失",IF(OR(J12="",K12=""),"bit_spec格式错误",IF(J12<K12,"msb<lsb",IF(E12>O12,"默认值超范围","OK"))))))
I13: =IF(A13="","",IFERROR(INDEX(可选_寄存器汇总!$B:$B,MATCH(A13,可选_寄存器汇总!$A:$A,0)),"")) | J13: =IF(D13="","",IFERROR(IF(ISNUMBER(SEARCH(":",D13)),VALUE(LEFT(D13,FIND(":",D13)-1)),VALUE(D13)),"")) | K13: =IF(D13="","",IFERROR(IF(ISNUMBER(SEARCH(":",D13)),VALUE(MID(D13,FIND(":",D13)+1,99)),VALUE(D13)),"")) | L13: =IF(OR(J13="",K13=""),"",IF(J13=K13,"<"&J13&">","<"&J13&":"&K13&">")) | M13: =IF(OR(J13="",K13=""),"",J13-K13+1) | N13: =IF(OR(M13="",K13=""),"",((2^M13)-1)*(2^K13)) | O13: =IF(M13="","",(2^M13)-1) | P13: =IF(OR(B13="",L13=""),"",B13&L13) | Q13: =IF(I13="","","0x"&MID("0123456789ABCDEF",INT(I13/16)+1,1)&MID("0123456789ABCDEF",MOD(I13,16)+1,1)) | R13: =IF(COUNTA(A13:H13)=0,"",IF(OR(A13="",B13="",D13="",E13=""),"缺必填项",IF(I13="","寄存器地址缺失",IF(OR(J13="",K13=""),"bit_spec格式错误",IF(J13<K13,"msb<lsb",IF(E13>O13,"默认值超范围","OK"))))))
I14: =IF(A14="","",IFERROR(INDEX(可选_寄存器汇总!$B:$B,MATCH(A14,可选_寄存器汇总!$A:$A,0)),"")) | J14: =IF(D14="","",IFERROR(IF(ISNUMBER(SEARCH(":",D14)),VALUE(LEFT(D14,FIND(":",D14)-1)),VALUE(D14)),"")) | K14: =IF(D14="","",IFERROR(IF(ISNUMBER(SEARCH(":",D14)),VALUE(MID(D14,FIND(":",D14)+1,99)),VALUE(D14)),"")) | L14: =IF(OR(J14="",K14=""),"",IF(J14=K14,"<"&J14&">","<"&J14&":"&K14&">")) | M14: =IF(OR(J14="",K14=""),"",J14-K14+1) | N14: =IF(OR(M14="",K14=""),"",((2^M14)-1)*(2^K14)) | O14: =IF(M14="","",(2^M14)-1) | P14: =IF(OR(B14="",L14=""),"",B14&L14) | Q14: =IF(I14="","","0x"&MID("0123456789ABCDEF",INT(I14/16)+1,1)&MID("0123456789ABCDEF",MOD(I14,16)+1,1)) | R14: =IF(COUNTA(A14:H14)=0,"",IF(OR(A14="",B14="",D14="",E14=""),"缺必填项",IF(I14="","寄存器地址缺失",IF(OR(J14="",K14=""),"bit_spec格式错误",IF(J14<K14,"msb<lsb",IF(E14>O14,"默认值超范围","OK"))))))
I15: =IF(A15="","",IFERROR(INDEX(可选_寄存器汇总!$B:$B,MATCH(A15,可选_寄存器汇总!$A:$A,0)),"")) | J15: =IF(D15="","",IFERROR(IF(ISNUMBER(SEARCH(":",D15)),VALUE(LEFT(D15,FIND(":",D15)-1)),VALUE(D15)),"")) | K15: =IF(D15="","",IFERROR(IF(ISNUMBER(SEARCH(":",D15)),VALUE(MID(D15,FIND(":",D15)+1,99)),VALUE(D15)),"")) | L15: =IF(OR(J15="",K15=""),"",IF(J15=K15,"<"&J15&">","<"&J15&":"&K15&">")) | M15: =IF(OR(J15="",K15=""),"",J15-K15+1) | N15: =IF(OR(M15="",K15=""),"",((2^M15)-1)*(2^K15)) | O15: =IF(M15="","",(2^M15)-1) | P15: =IF(OR(B15="",L15=""),"",B15&L15) | Q15: =IF(I15="","","0x"&MID("0123456789ABCDEF",INT(I15/16)+1,1)&MID("0123456789ABCDEF",MOD(I15,16)+1,1)) | R15: =IF(COUNTA(A15:H15)=0,"",IF(OR(A15="",B15="",D15="",E15=""),"缺必填项",IF(I15="","寄存器地址缺失",IF(OR(J15="",K15=""),"bit_spec格式错误",IF(J15<K15,"msb<lsb",IF(E15>O15,"默认值超范围","OK"))))))
I16: =IF(A16="","",IFERROR(INDEX(可选_寄存器汇总!$B:$B,MATCH(A16,可选_寄存器汇总!$A:$A,0)),"")) | J16: =IF(D16="","",IFERROR(IF(ISNUMBER(SEARCH(":",D16)),VALUE(LEFT(D16,FIND(":",D16)-1)),VALUE(D16)),"")) | K16: =IF(D16="","",IFERROR(IF(ISNUMBER(SEARCH(":",D16)),VALUE(MID(D16,FIND(":",D16)+1,99)),VALUE(D16)),"")) | L16: =IF(OR(J16="",K16=""),"",IF(J16=K16,"<"&J16&">","<"&J16&":"&K16&">")) | M16: =IF(OR(J16="",K16=""),"",J16-K16+1) | N16: =IF(OR(M16="",K16=""),"",((2^M16)-1)*(2^K16)) | O16: =IF(M16="","",(2^M16)-1) | P16: =IF(OR(B16="",L16=""),"",B16&L16) | Q16: =IF(I16="","","0x"&MID("0123456789ABCDEF",INT(I16/16)+1,1)&MID("0123456789ABCDEF",MOD(I16,16)+1,1)) | R16: =IF(COUNTA(A16:H16)=0,"",IF(OR(A16="",B16="",D16="",E16=""),"缺必填项",IF(I16="","寄存器地址缺失",IF(OR(J16="",K16=""),"bit_spec格式错误",IF(J16<K16,"msb<lsb",IF(E16>O16,"默认值超范围","OK"))))))
I17: =IF(A17="","",IFERROR(INDEX(可选_寄存器汇总!$B:$B,MATCH(A17,可选_寄存器汇总!$A:$A,0)),"")) | J17: =IF(D17="","",IFERROR(IF(ISNUMBER(SEARCH(":",D17)),VALUE(LEFT(D17,FIND(":",D17)-1)),VALUE(D17)),"")) | K17: =IF(D17="","",IFERROR(IF(ISNUMBER(SEARCH(":",D17)),VALUE(MID(D17,FIND(":",D17)+1,99)),VALUE(D17)),"")) | L17: =IF(OR(J17="",K17=""),"",IF(J17=K17,"<"&J17&">","<"&J17&":"&K17&">")) | M17: =IF(OR(J17="",K17=""),"",J17-K17+1) | N17: =IF(OR(M17="",K17=""),"",((2^M17)-1)*(2^K17)) | O17: =IF(M17="","",(2^M17)-1) | P17: =IF(OR(B17="",L17=""),"",B17&L17) | Q17: =IF(I17="","","0x"&MID("0123456789ABCDEF",INT(I17/16)+1,1)&MID("0123456789ABCDEF",MOD(I17,16)+1,1)) | R17: =IF(COUNTA(A17:H17)=0,"",IF(OR(A17="",B17="",D17="",E17=""),"缺必填项",IF(I17="","寄存器地址缺失",IF(OR(J17="",K17=""),"bit_spec格式错误",IF(J17<K17,"msb<lsb",IF(E17>O17,"默认值超范围","OK"))))))
... I220: =IF(A220="","",IFERROR(INDEX(可选_寄存器汇总!$B:$B,MATCH(A220,可选_寄存器汇总!$A:$A,0)),"")) | J220: =IF(D220="","",IFERROR(IF(ISNUMBER(SEARCH(":",D220)),VALUE(LEFT(D220,FIND(":",D220)-1)),VALUE(D220)),"")) | K220: =IF(D220="","",IFERROR(IF(ISNUMBER(SEARCH(":",D220)),VALUE(MID(D220,FIND(":",D220)+1,99)),VALUE(D220)),"")) | L220: =IF(OR(J220="",K220=""),"",IF(J220=K220,"<"&J220&">","<"&J220&":"&K220&">")) | M220: =IF(OR(J220="",K220=""),"",J220-K220+1) | N220: =IF(OR(M220="",K220=""),"",((2^M220)-1)*(2^K220)) | O220: =IF(M220="","",(2^M220)-1) | P220: =IF(OR(B220="",L220=""),"",B220&L220) | Q220: =IF(I220="","","0x"&MID("0123456789ABCDEF",INT(I220/16)+1,1)&MID("0123456789ABCDEF",MOD(I220,16)+1,1)) | R220: =IF(COUNTA(A220:H220)=0,"",IF(OR(A220="",B220="",D220="",E220=""),"缺必填项",IF(I220="","寄存器地址缺失",IF(OR(J220="",K220=""),"bit_spec格式错误",IF(J220<K220,"msb<lsb",IF(E220>O220,"默认值超范围","OK"))))))

Sheet 示例_当前工程
A1: 示例_当前工程（来自当前项目的 register_fields.json）
A2: 此页仅示例，不需要修改。你后续只需在“字段输入模板”里填写更少的输入列，其余会自动生成。
A4: register_name | B4: field_base_name | C4: alias | D4: address_decimal | E4: msb | F4: lsb | G4: default_decimal | H4: bits | I4: width | J4: mask_decimal | K4: max_decimal | L4: field_full_name | M4: address_hex
A5: REG20 | B5: CFG_OSC2_IDAC_IBIAS | C5: CFG_OSC2_IDAC_IBIAS | D5: 32 | E5: 7 | F5: 3 | G5: 15 | H5: <7:3> | I5: 5 | J5: 248 | K5: 31 | L5: CFG_OSC2_IDAC_IBIAS<7:3> | M5: 0x20
A6: REG20 | B6: CFG_OSC2_GMP_NUM | C6: CFG_OSC2_GMP_NUM | D6: 32 | E6: 2 | F6: 0 | G6: 4 | H6: <2:0> | I6: 3 | J6: 7 | K6: 7 | L6: CFG_OSC2_GMP_NUM<2:0> | M6: 0x20
A7: REG21 | B7: CFG_OSC2_SWCAP | C7: CFG_OSC2_SWCAP | D7: 33 | E7: 7 | F7: 4 | G7: 7 | H7: <7:4> | I7: 4 | J7: 240 | K7: 15 | L7: CFG_OSC2_SWCAP<7:4> | M7: 0x21
A8: REG21 | B8: CFG_OSC2_TEST_BUF_IBIAS | C8: CFG_OSC2_TEST_BUF_IBIAS | D8: 33 | E8: 3 | F8: 0 | G8: 9 | H8: <3:0> | I8: 4 | J8: 15 | K8: 15 | L8: CFG_OSC2_TEST_BUF_IBIAS<3:0> | M8: 0x21
A9: REG22 | B9: CFG_IND_SWCAP_P | C9: CFG_IND_SWCAP_P | D9: 34 | E9: 5 | F9: 3 | G9: 3 | H9: <5:3> | I9: 3 | J9: 56 | K9: 7 | L9: CFG_IND_SWCAP_P<5:3> | M9: 0x22
A10: REG22 | B10: CFG_IND_SWCAP_N | C10: CFG_IND_SWCAP_N | D10: 34 | E10: 2 | F10: 0 | G10: 3 | H10: <2:0> | I10: 3 | J10: 7 | K10: 7 | L10: CFG_IND_SWCAP_N<2:0> | M10: 0x22
A11: REG23 | B11: CFG_OSC2_GMN_NUM | C11: CFG_OSC2_GMN_NUM | D11: 35 | E11: 7 | F11: 5 | G11: 4 | H11: <7:5> | I11: 3 | J11: 224 | K11: 7 | L11: CFG_OSC2_GMN_NUM<7:5> | M11: 0x23
A12: REG23 | B12: CFG_OSC2_EN_IDAC_IBIAS | C12: CFG_OSC2_EN_IDAC_IBIAS | D12: 35 | E12: 4 | F12: 4 | G12: 1 | H12: <4> | I12: 1 | J12: 16 | K12: 1 | L12: CFG_OSC2_EN_IDAC_IBIAS<4> | M12: 0x23
A13: REG23 | B13: CFG_OSC2_EN_GM | C13: CFG_OSC2_EN_GM | D13: 35 | E13: 3 | F13: 3 | G13: 1 | H13: <3> | I13: 1 | J13: 8 | K13: 1 | L13: CFG_OSC2_EN_GM<3> | M13: 0x23
A14: REG23 | B14: CFG_OSC2_EN_ACBUF | C14: CFG_OSC2_EN_ACBUF | D14: 35 | E14: 2 | F14: 2 | G14: 1 | H14: <2> | I14: 1 | J14: 4 | K14: 1 | L14: CFG_OSC2_EN_ACBUF<2> | M14: 0x23
A15: REG23 | B15: CFG_OSC2_EN_TESTBUF | C15: CFG_OSC2_EN_TESTBUF | D15: 35 | E15: 1 | F15: 1 | G15: 1 | H15: <1> | I15: 1 | J15: 2 | K15: 1 | L15: CFG_OSC2_EN_TESTBUF<1> | M15: 0x23
A16: REG23 | B16: CFG_OSC2_EN_FASTSTART | C16: CFG_OSC2_EN_FASTSTART | D16: 35 | E16: 0 | F16: 0 | G16: 0 | H16: <0> | I16: 1 | J16: 1 | K16: 1 | L16: CFG_OSC2_EN_FASTSTART<0> | M16: 0x23
... A24: REG26 | B24: C_BPF | C24: C_BPF | D24: 38 | E24: 2 | F24: 0 | G24: 0 | H24: <2:0> | I24: 3 | J24: 7 | K24: 7 | L24: C_BPF<2:0> | M24: 0x26

Sheet 导出预览_register_fields
A1: 导出预览（与当前工程 register_fields.json 字段风格一致）
A2: 通常无需手填；内容由“字段输入模板”自动生成，便于我直接转换。alias 留空时自动回退到 field_base_name。
A4: name | B4: alias | C4: address | D4: address_hex | E4: bits | F4: msb | G4: lsb | H4: width | I4: mask | J4: default_decimal | K4: max_decimal | L4: register_name | M4: access | N4: description | O4: notes | P4: check_status
A5: =IF(字段输入模板!P4="","",IFERROR(字段输入模板!P4,"")) -> CFG_OSC2_IDAC_IBIAS<7:3> | B5: =IF(字段输入模板!P4="","",IF(字段输入模板!C4="",IFERROR(字段输入模板!B4,""),IFERROR(字段输入模板!C4,""))) -> CFG_OSC2_IDAC_IBIAS | C5: =IF(字段输入模板!P4="","",IFERROR(字段输入模板!I4,"")) -> 32 | D5: =IF(字段输入模板!P4="","",IFERROR(字段输入模板!Q4,"")) -> 0x20 | E5: =IF(字段输入模板!P4="","",IFERROR(字段输入模板!L4,"")) -> <7:3> | F5: =IF(字段输入模板!P4="","",IFERROR(字段输入模板!J4,"")) -> 7 | G5: =IF(字段输入模板!P4="","",IFERROR(字段输入模板!K4,"")) -> 3 | H5: =IF(字段输入模板!P4="","",IFERROR(字段输入模板!M4,"")) -> 5 | I5: =IF(字段输入模板!P4="","",IFERROR(字段输入模板!N4,"")) -> 248 | J5: =IF(字段输入模板!P4="","",IFERROR(字段输入模板!E4,"")) -> 15 | K5: =IF(字段输入模板!P4="","",IFERROR(字段输入模板!O4,"")) -> 31 | L5: =IF(字段输入模板!P4="","",IFERROR(字段输入模板!A4,"")) -> REG20 | M5: =IF(字段输入模板!P4="","",IFERROR(字段输入模板!F4,"")) -> RW | N5: =IF(字段输入模板!P4="","",IFERROR(字段输入模板!G4,"")) -> 示例：5bit 字段 | O5: =IF(字段输入模板!P4="","",IFERROR(字段输入模板!H4,"")) -> 0 | P5: =IF(字段输入模板!P4="","",IFERROR(字段输入模板!R4,"")) -> OK
A6: =IF(字段输入模板!P5="","",IFERROR(字段输入模板!P5,"")) -> CFG_OSC2_GMP_NUM<2:0> | B6: =IF(字段输入模板!P5="","",IF(字段输入模板!C5="",IFERROR(字段输入模板!B5,""),IFERROR(字段输入模板!C5,""))) -> CFG_OSC2_GMP_NUM | C6: =IF(字段输入模板!P5="","",IFERROR(字段输入模板!I5,"")) -> 32 | D6: =IF(字段输入模板!P5="","",IFERROR(字段输入模板!Q5,"")) -> 0x20 | E6: =IF(字段输入模板!P5="","",IFERROR(字段输入模板!L5,"")) -> <2:0> | F6: =IF(字段输入模板!P5="","",IFERROR(字段输入模板!J5,"")) -> 2 | G6: =IF(字段输入模板!P5="","",IFERROR(字段输入模板!K5,"")) -> 0 | H6: =IF(字段输入模板!P5="","",IFERROR(字段输入模板!M5,"")) -> 3 | I6: =IF(字段输入模板!P5="","",IFERROR(字段输入模板!N5,"")) -> 7 | J6: =IF(字段输入模板!P5="","",IFERROR(字段输入模板!E5,"")) -> 4 | K6: =IF(字段输入模板!P5="","",IFERROR(字段输入模板!O5,"")) -> 7 | L6: =IF(字段输入模板!P5="","",IFERROR(字段输入模板!A5,"")) -> REG20 | M6: =IF(字段输入模板!P5="","",IFERROR(字段输入模板!F5,"")) -> RW | N6: =IF(字段输入模板!P5="","",IFERROR(字段输入模板!G5,"")) -> 示例：3bit 字段 | O6: =IF(字段输入模板!P5="","",IFERROR(字段输入模板!H5,"")) -> 0 | P6: =IF(字段输入模板!P5="","",IFERROR(字段输入模板!R5,"")) -> OK
A7: =IF(字段输入模板!P6="","",IFERROR(字段输入模板!P6,"")) | B7: =IF(字段输入模板!P6="","",IF(字段输入模板!C6="",IFERROR(字段输入模板!B6,""),IFERROR(字段输入模板!C6,""))) | C7: =IF(字段输入模板!P6="","",IFERROR(字段输入模板!I6,"")) | D7: =IF(字段输入模板!P6="","",IFERROR(字段输入模板!Q6,"")) | E7: =IF(字段输入模板!P6="","",IFERROR(字段输入模板!L6,"")) | F7: =IF(字段输入模板!P6="","",IFERROR(字段输入模板!J6,"")) | G7: =IF(字段输入模板!P6="","",IFERROR(字段输入模板!K6,"")) | H7: =IF(字段输入模板!P6="","",IFERROR(字段输入模板!M6,"")) | I7: =IF(字段输入模板!P6="","",IFERROR(字段输入模板!N6,"")) | J7: =IF(字段输入模板!P6="","",IFERROR(字段输入模板!E6,"")) | K7: =IF(字段输入模板!P6="","",IFERROR(字段输入模板!O6,"")) | L7: =IF(字段输入模板!P6="","",IFERROR(字段输入模板!A6,"")) | M7: =IF(字段输入模板!P6="","",IFERROR(字段输入模板!F6,"")) | N7: =IF(字段输入模板!P6="","",IFERROR(字段输入模板!G6,"")) | O7: =IF(字段输入模板!P6="","",IFERROR(字段输入模板!H6,"")) | P7: =IF(字段输入模板!P6="","",IFERROR(字段输入模板!R6,""))
A8: =IF(字段输入模板!P7="","",IFERROR(字段输入模板!P7,"")) | B8: =IF(字段输入模板!P7="","",IF(字段输入模板!C7="",IFERROR(字段输入模板!B7,""),IFERROR(字段输入模板!C7,""))) | C8: =IF(字段输入模板!P7="","",IFERROR(字段输入模板!I7,"")) | D8: =IF(字段输入模板!P7="","",IFERROR(字段输入模板!Q7,"")) | E8: =IF(字段输入模板!P7="","",IFERROR(字段输入模板!L7,"")) | F8: =IF(字段输入模板!P7="","",IFERROR(字段输入模板!J7,"")) | G8: =IF(字段输入模板!P7="","",IFERROR(字段输入模板!K7,"")) | H8: =IF(字段输入模板!P7="","",IFERROR(字段输入模板!M7,"")) | I8: =IF(字段输入模板!P7="","",IFERROR(字段输入模板!N7,"")) | J8: =IF(字段输入模板!P7="","",IFERROR(字段输入模板!E7,"")) | K8: =IF(字段输入模板!P7="","",IFERROR(字段输入模板!O7,"")) | L8: =IF(字段输入模板!P7="","",IFERROR(字段输入模板!A7,"")) | M8: =IF(字段输入模板!P7="","",IFERROR(字段输入模板!F7,"")) | N8: =IF(字段输入模板!P7="","",IFERROR(字段输入模板!G7,"")) | O8: =IF(字段输入模板!P7="","",IFERROR(字段输入模板!H7,"")) | P8: =IF(字段输入模板!P7="","",IFERROR(字段输入模板!R7,""))
A9: =IF(字段输入模板!P8="","",IFERROR(字段输入模板!P8,"")) | B9: =IF(字段输入模板!P8="","",IF(字段输入模板!C8="",IFERROR(字段输入模板!B8,""),IFERROR(字段输入模板!C8,""))) | C9: =IF(字段输入模板!P8="","",IFERROR(字段输入模板!I8,"")) | D9: =IF(字段输入模板!P8="","",IFERROR(字段输入模板!Q8,"")) | E9: =IF(字段输入模板!P8="","",IFERROR(字段输入模板!L8,"")) | F9: =IF(字段输入模板!P8="","",IFERROR(字段输入模板!J8,"")) | G9: =IF(字段输入模板!P8="","",IFERROR(字段输入模板!K8,"")) | H9: =IF(字段输入模板!P8="","",IFERROR(字段输入模板!M8,"")) | I9: =IF(字段输入模板!P8="","",IFERROR(字段输入模板!N8,"")) | J9: =IF(字段输入模板!P8="","",IFERROR(字段输入模板!E8,"")) | K9: =IF(字段输入模板!P8="","",IFERROR(字段输入模板!O8,"")) | L9: =IF(字段输入模板!P8="","",IFERROR(字段输入模板!A8,"")) | M9: =IF(字段输入模板!P8="","",IFERROR(字段输入模板!F8,"")) | N9: =IF(字段输入模板!P8="","",IFERROR(字段输入模板!G8,"")) | O9: =IF(字段输入模板!P8="","",IFERROR(字段输入模板!H8,"")) | P9: =IF(字段输入模板!P8="","",IFERROR(字段输入模板!R8,""))
A10: =IF(字段输入模板!P9="","",IFERROR(字段输入模板!P9,"")) | B10: =IF(字段输入模板!P9="","",IF(字段输入模板!C9="",IFERROR(字段输入模板!B9,""),IFERROR(字段输入模板!C9,""))) | C10: =IF(字段输入模板!P9="","",IFERROR(字段输入模板!I9,"")) | D10: =IF(字段输入模板!P9="","",IFERROR(字段输入模板!Q9,"")) | E10: =IF(字段输入模板!P9="","",IFERROR(字段输入模板!L9,"")) | F10: =IF(字段输入模板!P9="","",IFERROR(字段输入模板!J9,"")) | G10: =IF(字段输入模板!P9="","",IFERROR(字段输入模板!K9,"")) | H10: =IF(字段输入模板!P9="","",IFERROR(字段输入模板!M9,"")) | I10: =IF(字段输入模板!P9="","",IFERROR(字段输入模板!N9,"")) | J10: =IF(字段输入模板!P9="","",IFERROR(字段输入模板!E9,"")) | K10: =IF(字段输入模板!P9="","",IFERROR(字段输入模板!O9,"")) | L10: =IF(字段输入模板!P9="","",IFERROR(字段输入模板!A9,"")) | M10: =IF(字段输入模板!P9="","",IFERROR(字段输入模板!F9,"")) | N10: =IF(字段输入模板!P9="","",IFERROR(字段输入模板!G9,"")) | O10: =IF(字段输入模板!P9="","",IFERROR(字段输入模板!H9,"")) | P10: =IF(字段输入模板!P9="","",IFERROR(字段输入模板!R9,""))
A11: =IF(字段输入模板!P10="","",IFERROR(字段输入模板!P10,"")) | B11: =IF(字段输入模板!P10="","",IF(字段输入模板!C10="",IFERROR(字段输入模板!B10,""),IFERROR(字段输入模板!C10,""))) | C11: =IF(字段输入模板!P10="","",IFERROR(字段输入模板!I10,"")) | D11: =IF(字段输入模板!P10="","",IFERROR(字段输入模板!Q10,"")) | E11: =IF(字段输入模板!P10="","",IFERROR(字段输入模板!L10,"")) | F11: =IF(字段输入模板!P10="","",IFERROR(字段输入模板!J10,"")) | G11: =IF(字段输入模板!P10="","",IFERROR(字段输入模板!K10,"")) | H11: =IF(字段输入模板!P10="","",IFERROR(字段输入模板!M10,"")) | I11: =IF(字段输入模板!P10="","",IFERROR(字段输入模板!N10,"")) | J11: =IF(字段输入模板!P10="","",IFERROR(字段输入模板!E10,"")) | K11: =IF(字段输入模板!P10="","",IFERROR(字段输入模板!O10,"")) | L11: =IF(字段输入模板!P10="","",IFERROR(字段输入模板!A10,"")) | M11: =IF(字段输入模板!P10="","",IFERROR(字段输入模板!F10,"")) | N11: =IF(字段输入模板!P10="","",IFERROR(字段输入模板!G10,"")) | O11: =IF(字段输入模板!P10="","",IFERROR(字段输入模板!H10,"")) | P11: =IF(字段输入模板!P10="","",IFERROR(字段输入模板!R10,""))
A12: =IF(字段输入模板!P11="","",IFERROR(字段输入模板!P11,"")) | B12: =IF(字段输入模板!P11="","",IF(字段输入模板!C11="",IFERROR(字段输入模板!B11,""),IFERROR(字段输入模板!C11,""))) | C12: =IF(字段输入模板!P11="","",IFERROR(字段输入模板!I11,"")) | D12: =IF(字段输入模板!P11="","",IFERROR(字段输入模板!Q11,"")) | E12: =IF(字段输入模板!P11="","",IFERROR(字段输入模板!L11,"")) | F12: =IF(字段输入模板!P11="","",IFERROR(字段输入模板!J11,"")) | G12: =IF(字段输入模板!P11="","",IFERROR(字段输入模板!K11,"")) | H12: =IF(字段输入模板!P11="","",IFERROR(字段输入模板!M11,"")) | I12: =IF(字段输入模板!P11="","",IFERROR(字段输入模板!N11,"")) | J12: =IF(字段输入模板!P11="","",IFERROR(字段输入模板!E11,"")) | K12: =IF(字段输入模板!P11="","",IFERROR(字段输入模板!O11,"")) | L12: =IF(字段输入模板!P11="","",IFERROR(字段输入模板!A11,"")) | M12: =IF(字段输入模板!P11="","",IFERROR(字段输入模板!F11,"")) | N12: =IF(字段输入模板!P11="","",IFERROR(字段输入模板!G11,"")) | O12: =IF(字段输入模板!P11="","",IFERROR(字段输入模板!H11,"")) | P12: =IF(字段输入模板!P11="","",IFERROR(字段输入模板!R11,""))
A13: =IF(字段输入模板!P12="","",IFERROR(字段输入模板!P12,"")) | B13: =IF(字段输入模板!P12="","",IF(字段输入模板!C12="",IFERROR(字段输入模板!B12,""),IFERROR(字段输入模板!C12,""))) | C13: =IF(字段输入模板!P12="","",IFERROR(字段输入模板!I12,"")) | D13: =IF(字段输入模板!P12="","",IFERROR(字段输入模板!Q12,"")) | E13: =IF(字段输入模板!P12="","",IFERROR(字段输入模板!L12,"")) | F13: =IF(字段输入模板!P12="","",IFERROR(字段输入模板!J12,"")) | G13: =IF(字段输入模板!P12="","",IFERROR(字段输入模板!K12,"")) | H13: =IF(字段输入模板!P12="","",IFERROR(字段输入模板!M12,"")) | I13: =IF(字段输入模板!P12="","",IFERROR(字段输入模板!N12,"")) | J13: =IF(字段输入模板!P12="","",IFERROR(字段输入模板!E12,"")) | K13: =IF(字段输入模板!P12="","",IFERROR(字段输入模板!O12,"")) | L13: =IF(字段输入模板!P12="","",IFERROR(字段输入模板!A12,"")) | M13: =IF(字段输入模板!P12="","",IFERROR(字段输入模板!F12,"")) | N13: =IF(字段输入模板!P12="","",IFERROR(字段输入模板!G12,"")) | O13: =IF(字段输入模板!P12="","",IFERROR(字段输入模板!H12,"")) | P13: =IF(字段输入模板!P12="","",IFERROR(字段输入模板!R12,""))
A14: =IF(字段输入模板!P13="","",IFERROR(字段输入模板!P13,"")) | B14: =IF(字段输入模板!P13="","",IF(字段输入模板!C13="",IFERROR(字段输入模板!B13,""),IFERROR(字段输入模板!C13,""))) | C14: =IF(字段输入模板!P13="","",IFERROR(字段输入模板!I13,"")) | D14: =IF(字段输入模板!P13="","",IFERROR(字段输入模板!Q13,"")) | E14: =IF(字段输入模板!P13="","",IFERROR(字段输入模板!L13,"")) | F14: =IF(字段输入模板!P13="","",IFERROR(字段输入模板!J13,"")) | G14: =IF(字段输入模板!P13="","",IFERROR(字段输入模板!K13,"")) | H14: =IF(字段输入模板!P13="","",IFERROR(字段输入模板!M13,"")) | I14: =IF(字段输入模板!P13="","",IFERROR(字段输入模板!N13,"")) | J14: =IF(字段输入模板!P13="","",IFERROR(字段输入模板!E13,"")) | K14: =IF(字段输入模板!P13="","",IFERROR(字段输入模板!O13,"")) | L14: =IF(字段输入模板!P13="","",IFERROR(字段输入模板!A13,"")) | M14: =IF(字段输入模板!P13="","",IFERROR(字段输入模板!F13,"")) | N14: =IF(字段输入模板!P13="","",IFERROR(字段输入模板!G13,"")) | O14: =IF(字段输入模板!P13="","",IFERROR(字段输入模板!H13,"")) | P14: =IF(字段输入模板!P13="","",IFERROR(字段输入模板!R13,""))
A15: =IF(字段输入模板!P14="","",IFERROR(字段输入模板!P14,"")) | B15: =IF(字段输入模板!P14="","",IF(字段输入模板!C14="",IFERROR(字段输入模板!B14,""),IFERROR(字段输入模板!C14,""))) | C15: =IF(字段输入模板!P14="","",IFERROR(字段输入模板!I14,"")) | D15: =IF(字段输入模板!P14="","",IFERROR(字段输入模板!Q14,"")) | E15: =IF(字段输入模板!P14="","",IFERROR(字段输入模板!L14,"")) | F15: =IF(字段输入模板!P14="","",IFERROR(字段输入模板!J14,"")) | G15: =IF(字段输入模板!P14="","",IFERROR(字段输入模板!K14,"")) | H15: =IF(字段输入模板!P14="","",IFERROR(字段输入模板!M14,"")) | I15: =IF(字段输入模板!P14="","",IFERROR(字段输入模板!N14,"")) | J15: =IF(字段输入模板!P14="","",IFERROR(字段输入模板!E14,"")) | K15: =IF(字段输入模板!P14="","",IFERROR(字段输入模板!O14,"")) | L15: =IF(字段输入模板!P14="","",IFERROR(字段输入模板!A14,"")) | M15: =IF(字段输入模板!P14="","",IFERROR(字段输入模板!F14,"")) | N15: =IF(字段输入模板!P14="","",IFERROR(字段输入模板!G14,"")) | O15: =IF(字段输入模板!P14="","",IFERROR(字段输入模板!H14,"")) | P15: =IF(字段输入模板!P14="","",IFERROR(字段输入模板!R14,""))
A16: =IF(字段输入模板!P15="","",IFERROR(字段输入模板!P15,"")) | B16: =IF(字段输入模板!P15="","",IF(字段输入模板!C15="",IFERROR(字段输入模板!B15,""),IFERROR(字段输入模板!C15,""))) | C16: =IF(字段输入模板!P15="","",IFERROR(字段输入模板!I15,"")) | D16: =IF(字段输入模板!P15="","",IFERROR(字段输入模板!Q15,"")) | E16: =IF(字段输入模板!P15="","",IFERROR(字段输入模板!L15,"")) | F16: =IF(字段输入模板!P15="","",IFERROR(字段输入模板!J15,"")) | G16: =IF(字段输入模板!P15="","",IFERROR(字段输入模板!K15,"")) | H16: =IF(字段输入模板!P15="","",IFERROR(字段输入模板!M15,"")) | I16: =IF(字段输入模板!P15="","",IFERROR(字段输入模板!N15,"")) | J16: =IF(字段输入模板!P15="","",IFERROR(字段输入模板!E15,"")) | K16: =IF(字段输入模板!P15="","",IFERROR(字段输入模板!O15,"")) | L16: =IF(字段输入模板!P15="","",IFERROR(字段输入模板!A15,"")) | M16: =IF(字段输入模板!P15="","",IFERROR(字段输入模板!F15,"")) | N16: =IF(字段输入模板!P15="","",IFERROR(字段输入模板!G15,"")) | O16: =IF(字段输入模板!P15="","",IFERROR(字段输入模板!H15,"")) | P16: =IF(字段输入模板!P15="","",IFERROR(字段输入模板!R15,""))
... A220: =IF(字段输入模板!P219="","",IFERROR(字段输入模板!P219,"")) | B220: =IF(字段输入模板!P219="","",IF(字段输入模板!C219="",IFERROR(字段输入模板!B219,""),IFERROR(字段输入模板!C219,""))) | C220: =IF(字段输入模板!P219="","",IFERROR(字段输入模板!I219,"")) | D220: =IF(字段输入模板!P219="","",IFERROR(字段输入模板!Q219,"")) | E220: =IF(字段输入模板!P219="","",IFERROR(字段输入模板!L219,"")) | F220: =IF(字段输入模板!P219="","",IFERROR(字段输入模板!J219,"")) | G220: =IF(字段输入模板!P219="","",IFERROR(字段输入模板!K219,"")) | H220: =IF(字段输入模板!P219="","",IFERROR(字段输入模板!M219,"")) | I220: =IF(字段输入模板!P219="","",IFERROR(字段输入模板!N219,"")) | J220: =IF(字段输入模板!P219="","",IFERROR(字段输入模板!E219,"")) | K220: =IF(字段输入模板!P219="","",IFERROR(字段输入模板!O219,"")) | L220: =IF(字段输入模板!P219="","",IFERROR(字段输入模板!A219,"")) | M220: =IF(字段输入模板!P219="","",IFERROR(字段输入模板!F219,"")) | N220: =IF(字段输入模板!P219="","",IFERROR(字段输入模板!G219,"")) | O220: =IF(字段输入模板!P219="","",IFERROR(字段输入模板!H219,"")) | P220: =IF(字段输入模板!P219="","",IFERROR(字段输入模板!R219,""))

Sheet 可选_寄存器汇总
A1: 寄存器地址表（建议填写，字段页会自动查地址）
A2: 至少填写 register_name 和 address_decimal 两列；address_hex / register_default_hex 自动计算。
A4: register_name | B4: address_decimal | C4: address_hex | D4: register_default_decimal | E4: register_default_hex | F4: description | G4: notes
A5: REG20 | B5: 32 | C5: =IF(B5="","","0x"&MID("0123456789ABCDEF",INT(B5/16)+1,1)&MID("0123456789ABCDEF",MOD(B5,16)+1,1)) -> 0x20 | E5: =IF(D5="","","0x"&MID("0123456789ABCDEF",INT(D5/16)+1,1)&MID("0123456789ABCDEF",MOD(D5,16)+1,1))
C6: =IF(B6="","","0x"&MID("0123456789ABCDEF",INT(B6/16)+1,1)&MID("0123456789ABCDEF",MOD(B6,16)+1,1)) | E6: =IF(D6="","","0x"&MID("0123456789ABCDEF",INT(D6/16)+1,1)&MID("0123456789ABCDEF",MOD(D6,16)+1,1))
C7: =IF(B7="","","0x"&MID("0123456789ABCDEF",INT(B7/16)+1,1)&MID("0123456789ABCDEF",MOD(B7,16)+1,1)) | E7: =IF(D7="","","0x"&MID("0123456789ABCDEF",INT(D7/16)+1,1)&MID("0123456789ABCDEF",MOD(D7,16)+1,1))
C8: =IF(B8="","","0x"&MID("0123456789ABCDEF",INT(B8/16)+1,1)&MID("0123456789ABCDEF",MOD(B8,16)+1,1)) | E8: =IF(D8="","","0x"&MID("0123456789ABCDEF",INT(D8/16)+1,1)&MID("0123456789ABCDEF",MOD(D8,16)+1,1))
C9: =IF(B9="","","0x"&MID("0123456789ABCDEF",INT(B9/16)+1,1)&MID("0123456789ABCDEF",MOD(B9,16)+1,1)) | E9: =IF(D9="","","0x"&MID("0123456789ABCDEF",INT(D9/16)+1,1)&MID("0123456789ABCDEF",MOD(D9,16)+1,1))
C10: =IF(B10="","","0x"&MID("0123456789ABCDEF",INT(B10/16)+1,1)&MID("0123456789ABCDEF",MOD(B10,16)+1,1)) | E10: =IF(D10="","","0x"&MID("0123456789ABCDEF",INT(D10/16)+1,1)&MID("0123456789ABCDEF",MOD(D10,16)+1,1))
C11: =IF(B11="","","0x"&MID("0123456789ABCDEF",INT(B11/16)+1,1)&MID("0123456789ABCDEF",MOD(B11,16)+1,1)) | E11: =IF(D11="","","0x"&MID("0123456789ABCDEF",INT(D11/16)+1,1)&MID("0123456789ABCDEF",MOD(D11,16)+1,1))
C12: =IF(B12="","","0x"&MID("0123456789ABCDEF",INT(B12/16)+1,1)&MID("0123456789ABCDEF",MOD(B12,16)+1,1)) | E12: =IF(D12="","","0x"&MID("0123456789ABCDEF",INT(D12/16)+1,1)&MID("0123456789ABCDEF",MOD(D12,16)+1,1))
C13: =IF(B13="","","0x"&MID("0123456789ABCDEF",INT(B13/16)+1,1)&MID("0123456789ABCDEF",MOD(B13,16)+1,1)) | E13: =IF(D13="","","0x"&MID("0123456789ABCDEF",INT(D13/16)+1,1)&MID("0123456789ABCDEF",MOD(D13,16)+1,1))
C14: =IF(B14="","","0x"&MID("0123456789ABCDEF",INT(B14/16)+1,1)&MID("0123456789ABCDEF",MOD(B14,16)+1,1)) | E14: =IF(D14="","","0x"&MID("0123456789ABCDEF",INT(D14/16)+1,1)&MID("0123456789ABCDEF",MOD(D14,16)+1,1))
C15: =IF(B15="","","0x"&MID("0123456789ABCDEF",INT(B15/16)+1,1)&MID("0123456789ABCDEF",MOD(B15,16)+1,1)) | E15: =IF(D15="","","0x"&MID("0123456789ABCDEF",INT(D15/16)+1,1)&MID("0123456789ABCDEF",MOD(D15,16)+1,1))
C16: =IF(B16="","","0x"&MID("0123456789ABCDEF",INT(B16/16)+1,1)&MID("0123456789ABCDEF",MOD(B16,16)+1,1)) | E16: =IF(D16="","","0x"&MID("0123456789ABCDEF",INT(D16/16)+1,1)&MID("0123456789ABCDEF",MOD(D16,16)+1,1))
C17: =IF(B17="","","0x"&MID("0123456789ABCDEF",INT(B17/16)+1,1)&MID("0123456789ABCDEF",MOD(B17,16)+1,1)) | E17: =IF(D17="","","0x"&MID("0123456789ABCDEF",INT(D17/16)+1,1)&MID("0123456789ABCDEF",MOD(D17,16)+1,1))
... C220: =IF(B220="","","0x"&MID("0123456789ABCDEF",INT(B220/16)+1,1)&MID("0123456789ABCDEF",MOD(B220,16)+1,1)) | E220: =IF(D220="","","0x"&MID("0123456789ABCDEF",INT(D220/16)+1,1)&MID("0123456789ABCDEF",MOD(D220,16)+1,1))
